{
  "omw.generic.load": {
    "category": "player",
    "sounds": [
      "modularwarfare:load"
    ]
  },
  "omw.generic.reload": {
    "category": "player",
    "sounds": [
      "modularwarfare:reload"
    ]
  },
  "omw.akm.shoot": {
    "category": "player",
    "sounds": [
      "modularwarfare:akm/shoot1",
      "modularwarfare:akm/shoot2",
      "modularwarfare:akm/shoot3",
      "modularwarfare:akm/shoot4"
    ]
  },
  "omw.akm.distant": {
    "category": "player",
    "sounds": [
      "modularwarfare:akm/distant"
    ]
  },
  "omw.awm.shoot": {
    "category": "player",
    "sounds": [
      "modularwarfare:awm/shoot1",
      "modularwarfare:awm/shoot2",
      "modularwarfare:awm/shoot3",
      "modularwarfare:awm/shoot4"
    ]
  },
  "omw.awm.distant": {
    "category": "player",
    "sounds": [
      "modularwarfare:awm/distant"
    ]
  },
  "omw.groza.shoot": {
    "category": "player",
    "sounds": [
      "modularwarfare:groza/shoot1",
      "modularwarfare:groza/shoot2",
      "modularwarfare:groza/shoot3",
      "modularwarfare:groza/shoot4"
    ]
  },
  "omw.groza.distant": {
    "category": "player",
    "sounds": [
      "modularwarfare:groza/distant"
    ]
  },
  "omw.m4a1.shoot": {
    "category": "player",
    "sounds": [
      "modularwarfare:m4a1/shoot"
    ]
  },
  "omw.m4a1.shoot.sup": {
    "category": "player",
    "sounds": [
      "modularwarfare:m4a1/supressed1",
      "modularwarfare:m4a1/supressed2"
    ]
  },
  "omw.m4a1.distant": {
    "category": "player",
    "sounds": [
      "modularwarfare:m4a1/distant"
    ]
  },
  "omw.m16a4.shoot": {
    "category": "player",
    "sounds": [
      "modularwarfare:m16a4/shoot1",
      "modularwarfare:m16a4/shoot2",
      "modularwarfare:m16a4/shoot3",
      "modularwarfare:m16a4/shoot4"
    ]
  },
  "omw.m16a4.distant": {
    "category": "player",
    "sounds": [
      "modularwarfare:m16a4/distant"
    ]
  },
  "omw.m24.shoot": {
    "category": "player",
    "sounds": [
      "modularwarfare:m24/shoot"
    ]
  },
  "omw.m24.distant": {
    "category": "player",
    "sounds": [
      "modularwarfare:m24/distant"
    ]
  },
  "omw.kar98k.shoot": {
    "category": "player",
    "sounds": [
      "modularwarfare:kar98k/shoot"
    ]
  },
  "omw.kar98k.distant": {
    "category": "player",
    "sounds": [
      "modularwarfare:kar98k/distant"
    ]
  },
  "omw.s12k.shoot": {
    "category": "player",
    "sounds": [
      "modularwarfare:s12k/shoot1",
      "modularwarfare:s12k/shoot2",
      "modularwarfare:s12k/shoot3"
    ]
  },
  "omw.scarl.shoot": {
    "category": "player",
    "sounds": [
      "modularwarfare:scarl/shoot1",
      "modularwarfare:scarl/shoot2",
      "modularwarfare:scarl/shoot3",
      "modularwarfare:scarl/shoot3"
    ]
  },
  "omw.scarl.distant": {
    "category": "player",
    "sounds": [
      "modularwarfare:scarl/distant"
    ]
  },
  "omw.sks.shoot": {
    "category": "player",
    "sounds": [
      "modularwarfare:sks/shoot1",
      "modularwarfare:sks/shoot2",
      "modularwarfare:sks/shoot3",
      "modularwarfare:sks/shoot4"
    ]
  },
  "omw.sks.distant": {
    "category": "player",
    "sounds": [
      "modularwarfare:sks/distant"
    ]
  },
  "omw.mini14.shoot": {
    "category": "player",
    "sounds": [
      "modularwarfare:mini14/shoot1",
      "modularwarfare:mini14/shoot2",
      "modularwarfare:mini14/shoot3",
      "modularwarfare:mini14/shoot4"
    ]
  },
  "omw.mini14distant": {
    "category": "player",
    "sounds": [
      "modularwarfare:mini14/distant"
    ]
  },
  "omw.vss.shoot": {
    "category": "player",
    "sounds": [
      "modularwarfare:vss/shoot1",
      "modularwarfare:vss/shoot2",
      "modularwarfare:vss/shoot3",
      "modularwarfare:vss/shoot4"
    ]
  },
  "omw.vss.distant": {
    "category": "player",
    "sounds": [
      "modularwarfare:vss/distant"
    ]
  },
  "omw.fiveseven.shoot": {
    "category": "player",
    "sounds": [
      "modularwarfare:fiveseven/shoot1",
      "modularwarfare:fiveseven/shoot2",
      "modularwarfare:fiveseven/shoot3",
      "modularwarfare:fiveseven/shoot4"
    ]
  },
  "omw.fiveseven.distant": {
    "category": "player",
    "sounds": [
      "modularwarfare:fiveseven/distant"
    ]
  },
  "omw.ump45.shoot": {
    "category": "player",
    "sounds": [
      "modularwarfare:ump45/shoot1",
      "modularwarfare:ump45/shoot2",
      "modularwarfare:ump45/shoot3",
      "modularwarfare:ump45/shoot4"
    ]
  },
  "omw.ump45.shoot.sup": {
    "category": "player",
    "sounds": [
      "modularwarfare:ump45/shoot_sup1",
      "modularwarfare:ump45/shoot_sup2",
      "modularwarfare:ump45/shoot_sup3",
      "modularwarfare:ump45/shoot_sup4"
    ]
  }
}
