{
    "internalName": "omw.m16a4",
    "displayName": "M16A4",
    "modelName": "omw.guns.m16a4",
    "weaponType": "carbine",
    "gunDamage": 7,
    "gunDamageHeadshotBonus": 3,
    "roundsPerMin": 500,
    "allowSprintFiring": true,
    "allowEmptyMagazines": true,
    "recoilPitch": 5.0,
    "recoilYaw": 1.0,
    "randomRecoilPitch": 0.5,
    "randomRecoilYaw": 0.5,

    "fireModes": ["semi", "burst"],
    "acceptedAmmo": ["omw.m16a4ammo"],
    "acceptedAttachments": {
        "sight": ["omw.aimpoint"]
    },
    "weaponSoundMap": {
        "weaponFire": [
            {
                "soundEvent": "weaponFire",
                "soundName": "omw.m16a4.shoot",
                "soundNameDistant": "omw.m16a4.distant",
                "soundRange": 64,
                "soundMaxRange": 96,
                "soundFadeMultiplier": 1
            }
        ],
        "weaponFireSuppressed": [
            {
                "soundEvent": "weaponFireSuppressed",
                "soundName": "omw.m4a1.shoot.sup",
                "soundRange": 30,
                "soundMaxRange": 30,
                "soundFadeMultiplier": 1
            }
        ],
        "weaponUnload": [
            {
                "soundEvent": "weaponReload",
                "soundName": "omw.generic.reload"
            }
        ]
    },
    "acceptedAttachments": {
        "sight": [
            "omw.reflex"
        ],
        "barrel": [
            "omw.ar_supressor"
        ]
    }
}