{
    "internalName": "omw.varakm",
    "displayName": "VAR-AKM",
    "modelName": "omw.guns.akm",
    "weaponType": "carbine",
    "gunDamage": 6,
    "gunDamageHeadshotBonus": 5,
    "roundsPerMin": 500,
    "allowSprintFiring": true,
    "allowEmptyMagazines": true,
    "recoilPitch": 5.0,
    "recoilYaw": 1.0,
    "randomRecoilPitch": 0.5,
    "randomRecoilYaw": 0.5,

    "fireModes": ["full", "semi"],
    "acceptedAmmo": ["omw.akmammo"],
    "acceptedAttachments": {
        "sight": ["omw.aimpoint"]
    },
    "weaponSoundMap": {
        "weaponFire": [
            {
                "soundEvent": "weaponFire",
                "soundName": "omw.akm.shoot",
                "soundNameDistant": "omw.akm.distant",
                "soundRange": 64,
                "soundMaxRange": 96,
                "soundFadeMultiplier": 1
            }
        ],
        "weaponUnload": [
            {
                "soundEvent": "weaponReload",
                "soundName": "omw.generic.reload"
            }
        ]
    }
}