{
    "internalName": "omw.mk14",
    "displayName": "Mk14",
    "modelName": "omw.guns.mk14",
    "weaponType": "carbine",
    "gunDamage": 10,
    "gunDamageHeadshotBonus": 5,
    "roundsPerMin": 500,
    "allowSprintFiring": true,
    "allowEmptyMagazines": true,
    "recoilPitch": 3.0,
    "recoilYaw": 1.0,
    "randomRecoilPitch": 0.5,
    "randomRecoilYaw": 0.5,

    "fireModes": ["semi"],
    "acceptedAmmo": ["omw.mk14ammo"],
    "weaponSoundMap": {
        "weaponFire": [
            {
                "soundEvent": "weaponFire",
                "soundName": "omw.sks.shoot",
                "soundNameDistant": "omw.sks.distant",
                "soundRange": 64,
                "soundMaxRange": 96,
                "soundFadeMultiplier": 1
            }
        ],
        "weaponUnload": [
            {
                "soundEvent": "weaponReload",
                "soundName": "omw.generic.reload"
            }
        ]
    },
    "acceptedAttachments":
    {
        "sight": [""]
    }
}