{
    "internalName": "omw.m4a1",
    "displayName": "M4A1",
    "modelName": "omw.guns.m4a1",
    "weaponType": "carbine",
    "gunDamage": 6,
    "gunDamageHeadshotBonus": 2,
    "roundsPerMin": 500,
    "allowSprintFiring": true,
    "allowEmptyMagazines": true,
    "recoilPitch": 5.0,
    "recoilYaw": 1.0,
    "randomRecoilPitch": 0.5,
    "randomRecoilYaw": 0.5,

    "fireModes": ["full", "semi", "burst"],
    "acceptedAmmo": ["omw.m4a1ammo"],
    "acceptedAttachments": {
        "sight": ["omw.aimpoint"]
    },
    "weaponSoundMap": {
        "weaponFire": [
            {
                "soundEvent": "weaponFire",
                "soundName": "omw.m4a1.shoot",
                "soundNameDistant": "omw.m4a1.distant",
                "soundRange": 64,
                "soundMaxRange": 96,
                "soundFadeMultiplier": 1
            }
        ],
        "weaponFireSuppressed": [
            {
                "soundEvent": "weaponFireSuppressed",
                "soundName": "omw.m4a1.shoot.sup",
                "soundRange": 30,
                "soundMaxRange": 30,
                "soundFadeMultiplier": 1
            }
        ],
        "weaponReload": [
            {
                "soundEvent": "weaponReload",
                "soundName": "omw.generic.reload"
            }
        ],
        "weaponUnload": [
            {
                "soundEvent": "weaponUnload",
                "soundName": "omw.generic.unload"
            }
        ],
        "weaponLoad": [
            {
                "soundEvent": "weaponLoad",
                "soundName": "omw.generic.load"
            }
        ]
    },
    "acceptedAttachments": {
        "sight": [
            "omw.reflex"
        ],
        "barrel": [
            "omw.ar_supressor"
        ]
    }
}