{
  "displayName": "Kar98k",
  "internalName": "omw.kar98k",
  "weaponType": "boltsniper",
  "gunDamage": 19,
  "gunDamageHeadshotBonus": 1,
  "roundsPerMin": 34,
  "acceptedAmmo": ["omw.kar98kammo"],
  "fireModes": ["semi"],
  "recoilPitch": 15.0,
  "recoilYaw": 1.0,
  "randomRecoilPitch": 0.5,
  "randomRecoilYaw": 0.5,
  "modelName": "omw.guns.kar98k",
  "allowSprintFiring": true,
  "allowEmptyMagazines": true,
  "weaponSoundMap": {
    "weaponFire": [
      {
        "soundEvent": "weaponFire",
        "soundName": "omw.kar98k.shoot",
        "soundNameDistant": "omw.kar98k.distant",
        "soundRange": 64,
        "soundMaxRange": 96,
        "soundFadeMultiplier": 1
      }
    ],
    "weaponReload": [
      {
        "soundEvent": "weaponReload",
        "soundName": "omw.generic.reload"
      }
    ],
    "weaponUnload": [
      {
        "soundEvent": "weaponUnload",
        "soundName": "omw.generic.unload"
      }
    ],
    "weaponLoad": [
      {
        "soundEvent": "weaponLoad",
        "soundName": "omw.generic.load"
      }
    ]
  },
  "acceptedAttachments": 
  {
    "sight": [""]
  }
}
