{
    "internalName": "omw.mini14",
    "displayName": "Mini14",
    "modelName": "omw.guns.mini14",
    "weaponType": "carbine",
    "gunDamage": 8,
    "gunDamageHeadshotBonus": 4,
    "roundsPerMin": 300,
    "allowSprintFiring": true,
    "allowEmptyMagazines": true,
    "recoilPitch": 5.0,
    "recoilYaw": 1.0,
    "randomRecoilPitch": 0.5,
    "randomRecoilYaw": 0.5,

    "fireModes": ["semi"],
    "acceptedAmmo": ["omw.mini14ammo"],
    "weaponSoundMap": {
        "weaponFire": [
            {
                "soundEvent": "weaponFire",
                "soundName": "omw.mini14.shoot",
                "soundNameDistant": "omw.mini14.distant",
                "soundRange": 64,
                "soundMaxRange": 96,
                "soundFadeMultiplier": 1
            }
        ],
        "weaponUnload": [
            {
                "soundEvent": "weaponReload",
                "soundName": "omw.generic.reload"
            }
        ]
    },
    "acceptedAttachments":
    {
        "sight": [""]
    }
}