{
    "internalName": "omw.uniform",
    "modelName": "omw.armor.uniform",
    "defense": "0.1",
    "armorTypes": 
    {
        "chest": 
        {
            "displayName": "Uniform Chest"
        },
        "legs": 
        {
            "displayName": "Uniform Pants"
        },
        "feet": 
        {
            "displayName": "Uniform Boots"
        }
    },
    "modelSkins":
    [
      {
        "skinAsset": "omw.uniform",
        "displayName": "Uniform - Default"
      }
    ]
}